<?xml version="1.0" encoding="UTF-8"?>
<project-private xmlns="http://www.netbeans.org/ns/project-private/1">
    <editor-bookmarks xmlns="http://www.netbeans.org/ns/editor-bookmarks/2" lastBookmarkId="0"/>
    <open-files xmlns="http://www.netbeans.org/ns/projectui-open-files/2">
        <group>
            <file>file:/D:/xampp/htdocs/PLYR/app/Helpers/helper.php</file>
            <file>file:/D:/xampp/htdocs/PLYR/routes/breadcrumbs.php</file>
            <file>file:/D:/xampp/htdocs/PLYR/resources/views/components/modal/formSharedFileGroup.blade.php</file>
            <file>file:/D:/xampp/htdocs/PLYR/app/Http/Controllers/ProyectController.php</file>
            <file>file:/D:/xampp/htdocs/PLYR/public/css/plyr.css</file>
            <file>file:/D:/xampp/htdocs/PLYR/resources/views/layouts/admin/admin.blade.php</file>
            <file>file:/D:/xampp/htdocs/PLYR/public/js/pages/viewGroup.js</file>
            <file>file:/D:/xampp/htdocs/PLYR/app/Http/Controllers/GroupUserController.php</file>
            <file>file:/D:/xampp/htdocs/PLYR/resources/views/admin/proyects/views.blade.php</file>
            <file>file:/D:/xampp/htdocs/PLYR/routes/web.php</file>
        </group>
    </open-files>
</project-private>
